temperature,sequence,recovery,perplexity
0.1,MLYKAKPLLLEVLRSVGAKKDEYTMEEILFYLGKYIEKNKLRDPKNPEIVICSDDILGKLFGVPSFSLKDKEKIIEMIKKNLE,0.5783132530120482,1.7306217858943664
0.1,MLYKAKPLLLEVLRSVGAKKDEYTMEEILYYLGKYIEKYKLRDPNNRSVVICSDDILGKLFGVPSFSLNNKEEIIKMIKKNLE,0.5301204819277109,1.7883808186558143
0.1,MLYKAKPLLLEVLRSVGAKKEEYTMEEILYYLGKYIEKNKLRDPKNPSVVICSDDILGKLFGVPSFSLNNKEEIIKMIKKNLE,0.5180722891566265,1.7660808095663205
0.1,MLYKAKPLLLEVLRSVGAKKDEYTMEEILYYLGKYIEKNKLRDPKNRSVVICSDDILGKLFGVPSFSLNNKEEIIKMIKKNLE,0.5301204819277109,1.769324230647927
0.1,MLYKAKPLLLEVLRSVGAKKDEYTMEEILYYLGKYIEKNKLRDPKNPSVVICSDDVLGKLFGVPSFSLLDKEKIIEMIKKNLE,0.5421686746987951,1.7512370979498524
0.1,MKYKAKPLLLEVLRSVGAKKDEYTMEEILYYLGKYIEKNKLRDPKNREIVICSDDILGKLFGVPSFSLKDKEKIIEMIKKNLE,0.5542168674698795,1.7221659612242537
0.1,MLYKAKPLLLEVLRSVGAKKDEYTMEEILYYLGKYIEKNKLRDPKNRSVVICADDILGKLFGVPSFSLNNKEEIIKMIKKNLE,0.5180722891566265,1.7736294201008536
0.1,MLYKAKPLLLEVLRSVGAKKDEYTMEEILYYLGKYIEKNKLRDPKNPSIVICSEDILGKLFGVPSFSLLDKEKIIEMIKKNLE,0.5542168674698795,1.7440320955418445
0.1,MLYKAKPLLLEVLRSVGAKKDEYTMEEILYYLGKYIEKNKLRDPKNKEVVICSKDKLGELFGVPSFSLKDKEKIIEMIKKNLE,0.5542168674698795,1.7365160709909402
0.1,MLYKAKPLLLEVLRSVGAKKDEYTMEEILYYLGKYIEKNKLRDPKNPEIVICANDKLGELFGVPSFSLKDKEKIIEMIKKNLE,0.5662650602409639,1.7387368641167098
0.1,MLYKAKPLLLEVLKSVGAKKDEYTMEEILYYLGKYIEKNKLRDPENPEVVICADDILGKLFGVPSFSLKDKEKIIEMIKKNLE,0.5542168674698795,1.7382493051436554
0.1,MKYKAKPLLLEVLRSVGAKEDEYTMEEILYYLGKYIEKNKLRDPKNRSIVNCADDVLGKLFGVPSFSLNDKEKIIEMIKKNLE,0.5180722891566265,1.765747153514661
0.1,MKYKAKPLLLEVLKSVGAKKDEYTMEEILYYLGKYIEKNKLRDPENPEIVICSDDILGKLFGVPSFSLKDKEKIIEMIKKNLE,0.5662650602409639,1.726423767432429
0.1,MLYKAKPLLLEVLRSVGAKKDEYTMEEILYYLGKYIEKNKLRDPKNKEVVICSDDILGKLFGVPSFSLKDKEKIIEMIKKNLE,0.5542168674698795,1.7318675081491226
0.1,MLYKAKPLLLKVLRSVGAKKDEYTMEEILYYLGKYIEKYKLRDPKNPSIVICADDVLGELFGVPSFSLNNKEEIIKMIKKNLE,0.5421686746987951,1.787445116412486
0.2,MKYKAKPLLLEVLRSVGAKEEEYTMEEILFYLGKYIEKNKLRDPKNRSIVNCSDDILGKLFGVPSFSLLDKEKIIEMIKKNLE,0.5301204819277109,1.762358897243147
0.2,GMYTAKPLLLEVLRSVGAKKDEYTMEEILYYLGLYIEKNKLRDPENPEIVICSKDKLGELFGVPSFSLNDKEKIIEMIKKNLE,0.5421686746987951,1.868707624558673
0.2,MLYKAKPLLLKVLRSVGAKKDEYTMEEILYYLGKYIEKNKLRDPNNPEIVICSDDILGELFGVPSFSLKDKEKIIEMIKKNLE,0.5783132530120482,1.7432682151446954
0.2,MKYKAKPLLLEVLRSVGAKKEEYTMEEILYYLGKYIEKNKLRDPENREIVICADDILGKLFGVPSFSLKDKEKIIEMIKKNLE,0.5301204819277109,1.724692574801898
0.2,MKYKAKPLLLEVLRSVGAKKDEYSLEEILYYLGKYIEKNKLRDPENKEIVICENDILGKLFGVPSFSLKDKEKILEMIKKNLE,0.5301204819277109,1.7612553969221838
0.2,MLYKAKPLLLEILKSVGAKKDEYTMEEILYYLGKYIEKNKLRDPENPSIVICADDKLGELFGVPSFSLNDVEKIIEMIKKNLE,0.5542168674698795,1.7880650558254234
0.2,MKYKAKPLLLEVLRSVGAKEEEYTMEEILYYLGKYIEKNKLRDPENPSIVICSKDKLGELFGVPSFSLNDKEKIIEMIKKNLE,0.5180722891566265,1.7626573205440923
0.2,MLYKAKPLLLEVLRSVGAKDDEYTMEEILKYLGLYIEKNKLRDPENPEVVICSDDVLGKLFGVPSFSLNDKEKIIEMIKKNLE,0.5301204819277109,1.7993006640755433
0.2,MKYKAKPLLLEVLRSVGAKDDEYTMEEILYYLGKYIEKNKLRDPKNRSIVICADDILGKLFGVPMFSLSDKEKIIEMIKKNLE,0.5060240963855421,1.8144600341049382
0.2,MKYKAKPLLLEVLRSVGAKKEEYTMEEILYYLGKYIEKYKLRDPKNKEVVICENDILGKLFGVPKFSLKDKEKIIEMIKKNLE,0.5180722891566265,1.7327238650353558
0.2,MKYKAKPLLLEILRSVGAKKDEYTMEEILYYLGKYIEKNKLRDPKNRSIVHCADDKLGELFGVPSFSLNNKEEIIKMIKKNLE,0.5180722891566265,1.79338258667912
0.2,MKYRAKPLLLKVLRSVGAKKDEYTMEEILYYLGLYIEKYKLRDPKNREVVICADDVLGELFGVPSFSLKDKEKIIEMIKKNLE,0.5542168674698795,1.7748790170538025
0.2,MKYKAKPLLLEVLRSVGAKDDEYTMEEILYYLGLYIEKNKLRDPENPDIVICSDDILGKLFGVPMFSLNDKEKIIEMIKKNLE,0.5180722891566265,1.7968593097232317
0.2,MKYKAKPLLLEVLRSVGAKKDEYTMEEILLYLGKYIEKNKLRDPKNKEVVICSDDVLGKLFGVPKFYLTDKEKIIEMIKKNLE,0.5060240963855421,1.7853643667974457
0.2,MKYKAKPLLLEVLRSVGAKKDEYTMEEILYYLGKYIEKYKLRDPKNRSVVICADDVLGKLFGVPSFSLNNKEKIIEMIKKNLE,0.5180722891566265,1.7844919174780565
0.30000000000000004,GMLEAKPLLLEVLRSVGAEKEEYTLEEILYYLGKYIKKNKLYDPENPEIVICEDDVLGKLFGVPSFSLKNLEEIIKMIKKNLK,0.5180722891566265,1.9757674812022596
0.30000000000000004,GMYTAKPLLLKVLRSVGAKSDQYTMEEILYYLGLYIEKNKLRDPKNPSIVNCANDVLGTLFGVPSFSLNNTKEIIEMIKKNLE,0.5301204819277109,2.0062670894384866
0.30000000000000004,ALYRAKPLLLEVLRSVGAKEEEYTMEEILHYLGLYIKKYKLYDPKNKEVVICSDDILGKLFGVPSFSLKNTEEIIKMIKKNLE,0.5421686746987951,2.002970490165125
0.30000000000000004,MLYKAKPLLLKVLRSVGAKKEEFTMEEILFYLGLYIEKNKLRDPENLEIVNCSEDELGELFGVPYFSLKDKEKIIEMIEKNLE,0.5542168674698795,1.8448776662711601
0.30000000000000004,MLYRAKPLLLEVLRSVGAKEEEFTMEEILFYLGKYIEKYKLRDPENEEIVICADDILGKLFGVPSFSLKDLEKIIEMIKKNLE,0.5421686746987951,1.7961024213979433
0.30000000000000004,MKYKAKPLLLKVLKSVGAKSDEYTMEEILYYLGKYIEKNKLRDPENREIVICEDDILGELFGVPSFSLKNKEEIIKMIKKNLE,0.5421686746987951,1.808457269656294
0.30000000000000004,MKYKAKPLLLEVLKSVGAKKDEYTMEEILYYLGKYIEKYKLRDPKNRSIVNCAKDKLGELFGVPSFSLNNKEEIIKMIKKNLE,0.5301204819277109,1.7936441378530716
0.30000000000000004,AKYTAKPLLLEILRSVGAKDDSYTMEEILFYLGKYIEKYKLRDPKNPSVVNCADDKLGELFGVPSFSLNDREKIIEMIKKNLE,0.5180722891566265,1.9579227701963335
0.30000000000000004,MKYTAKPLLLEVLRSVGAKEETYTMEEILYYLGKYIEKNKLRDPENPEIVICANDVLGKLFGVPAFSLKDKEKIIEMIKKNLE,0.5301204819277109,1.8758952279309595
0.30000000000000004,MLYRAKPLLLKVLRSVGAKKDEYTMEEILLYLGKYIEKNKLRDPENPDIVICENDVLGELFGVPKFRLSDKEKIIEMIKKNLE,0.5542168674698795,1.8192276913577479
0.30000000000000004,MKYKAKPLLLKVLRSVGAKKDEYTMEEILFYLGKYIEKNKLRDPKNLSVVNCENDILGELFGVPSFSLNNKKEIIKMIKKNLE,0.5421686746987951,1.8142342200203339
0.30000000000000004,MLYKAKPLLLEVLRSVGAKKDEYTMEEILYYLGKYIEKYKLRDPENLSIVNCADDVLGKLFGVPSFSLNNREEIIKMIKKNLE,0.5301204819277109,1.8302379715382877
0.30000000000000004,ALYRAKPLLLEVLRSVGARSDEYTMEEILRYLGLYIEKYKLRDPENRNVVICADDILGKLFGVPSFSLNDKEKIIEMIKKNLE,0.5301204819277109,1.9263287299084821
0.30000000000000004,MKYKAKPLLLEILKSVGAKSEEYTMEEILYYLGKYIEKNKLRDPENRSVVICSDDLLGKLFGVPSFSLNNKEEIIEMIKKNLE,0.5180722891566265,1.8454762179520916
0.30000000000000004,MKYRAKPLLLKVLRSVGAKEDEFTLEEILYYLGLYIEKNKLRDPKNRDIVICSKDILGELFGVPSFSLKDKEKILEMIKKNLE,0.5421686746987951,1.8124835307285547
0.4,ALYRAKPLLLKVLRSVGAKKDTFTMEEILYYLGLYIRKNKLRNRENRAVVNCAKDELGELFGVPSFSLLDKEKIIEMIKKNLE,0.5421686746987951,2.129258695819461
0.4,MLKKAKPLLLEVLKSVGAKKDEFTMEEIIYYLGKYIEKHKLRDPENEEVVVCSNDILGKLFGVPSFRLSDREKIIEMIKKNLE,0.5301204819277109,1.9361136259512577
0.4,MKYRAKPLLLEVLRSVGAKDDEYSMEEILYYLGLYIEKNKLRDPDNKEIVICSDDILGKLFGVPSFSLKDKEKIIEMIKKNLE,0.5421686746987951,1.8259307324677083
0.4,MLYRAKPLLLEVLRSVGAQSDEFTMEEILYYLGLYIKKYKLQDPENRHIVNCSEDILGQLFGVPFFDLNDKEKIIEMISKNLE,0.5421686746987951,2.106271899904618
0.4,ALVRAKPLLQEVLRSVGAKEEEYTMEEVLKYLGEYIEKYRLRNPENPAVVVCADDVLGKLFGVPSFRLDDLEKIVEMIRKNLE,0.5180722891566265,2.143122612029615
0.4,MLYEAKPLLLEILRSVGAKKDKYTMEEILHYLGLYIEKHKLRDPDNKDIVICSKDKLGELFGVPFFSLKNKDAIIEMIKKNLK,0.5421686746987951,1.982382719616647
0.4,ALYRAKPLLLEVLRSVGAKKDEFTMEEILYYLGKYIEKNKLRDPANPSVVICSDDVLGKLFGVPAFSLDDKEKIIEMIKKNLE,0.5421686746987951,1.8967490733528216
0.4,ALYKAKPLLLEVLKSVGASSEEFTMEEILYYLGKYIEKNKLRDPNNRQVVICSDDILGKLFGVPSFSLSDKEKIIEMIKKNLE,0.5180722891566265,1.9428221713382663
0.4,MLYKAKPLLLEVLRSVGATADEYTMEEILYYLGEYIRKNKLQDPQNPSIVNCADDTLGKLFGVPSFSLDNKEEIIKMIEKNLE,0.5180722891566265,2.001131852792602
0.4,SLYRAKPLLLEVLRSVGAQQDEFTMEEIREYLGRYIVKHRLRNPQNQSIVICADDVLGKLFGVPSFSLNDKEKILEMILKNLD,0.5421686746987951,2.254732615632104
0.4,GMYTAKPLLLEVLRSVGATSDQYTMEEILYYLGLYIEKNRLRDPDDRETVNCADDKLGELFGVPSFSLNDLEAIIEMINKNLE,0.5060240963855421,2.0821166929710446
0.4,ELLKAKPLLLEVLRSVGAKKEEFTLEEILEYLGKYIKKNKLQDPENREIVICASDKLGELFGVPSFSLNDREKILEMIKKNLE,0.5060240963855421,1.9608405960184623
0.4,SLHKAKPLLLEVLRSVGAKSEEYTMEEILYYLGRYIEKNKLYDPRNRNVVICANDLLGKLFGVPQFSLNNKKAIIEMIKKNLE,0.5180722891566265,2.1028817234430717
0.4,SLYTAKPLLLEILRSVGAKEETYTMEEILFYLGKYIEKNKLRDPKNRSVVICSNDKLGKLFGVPQFSLNNKKEIIEMIKKNLE,0.5301204819277109,1.9996936450383351
0.4,MKYRAKPLLLEILRSVGAKEEEYTMEEILFYLGKYIEKNKLRDPNNPSVVICAEDKLGELFGVPKFSLLDKEKIIEMIKKNLE,0.5060240963855421,1.8300054838276563
